{"41": {"42": {"score": -0.14426955140423017, "entry_exit_pair": [0, 6], "time_pair": [53.60000000000001, 50.19999999999999, 52.5, 57.19999999999999, 58.099999999999994, 81.80000000000001, 81.6, 78.60000000000002, 82.0, 80.0, 90.3, 79.4, 84.6, 80.4, 78.69999999999999, 75.10000000000001, 78.60000000000001, 115.9, 1.5999999999999943]}}, "42": {"41": {"score": 0.07804862468838832, "entry_exit_pair": [2, 12], "time_pair": [53.60000000000001, 50.19999999999999, 52.5, 57.19999999999999, 58.099999999999994, 81.80000000000001, 81.6, 78.60000000000002, 82.0, 80.0, 90.3, 79.4, 84.6, 80.4, 78.69999999999999, 75.10000000000001, 78.60000000000001, 115.9, 1.5999999999999943]}, "43": {"score": -0.11006740834589275, "entry_exit_pair": [7, 1], "time_pair": [40.000000000000014, 26.0, 49.1, 48.1, 28.60000000000001, 29.39999999999999, 29.700000000000003, 52.39999999999998, 50.400000000000006, 29.19999999999999, 31.599999999999994, 27.80000000000001, 17.500000000000004, 18.0, 17.6, 17.2, 19.5, 23.20000000000001, 21.19999999999999, 20.5, 22.5, 19.100000000000023, 21.30000000000001, 19.400000000000006, 18.099999999999994, 23.69999999999999, 20.599999999999994]}}, "43": {"42": {"score": -0.0034016799750131617, "entry_exit_pair": [12, 3], "time_pair": [40.000000000000014, 26.0, 49.1, 48.1, 28.60000000000001, 29.39999999999999, 29.700000000000003, 52.39999999999998, 50.400000000000006, 29.19999999999999, 31.599999999999994, 27.80000000000001, 17.500000000000004, 18.0, 17.6, 17.2, 19.5, 23.20000000000001, 21.19999999999999, 20.5, 22.5, 19.100000000000023, 21.30000000000001, 19.400000000000006, 18.099999999999994, 23.69999999999999, 20.599999999999994]}, "44": {"score": -0.22450506483951127, "entry_exit_pair": [0, 1], "time_pair": [41.50000000000001, 81.3, 47.300000000000004, 41.0, 39.5, 36.400000000000006, 38.099999999999994]}}, "44": {"43": {"score": -0.2264195155015909, "entry_exit_pair": [6, 10], "time_pair": [41.50000000000001, 81.3, 47.300000000000004, 41.0, 39.5, 36.400000000000006, 38.099999999999994]}, "45": {"score": -0.11198437219071586, "entry_exit_pair": [2, 3], "time_pair": [28.30000000000001, 26.000000000000014, 30.200000000000017, 27.30000000000001, 32.80000000000001, 22.3, 25.099999999999998, 23.5, 23.0, 16.699999999999996, 23.700000000000003, 26.30000000000001, 24.19999999999999, 24.89999999999999, 23.39999999999999, 24.099999999999994, 24.10000000000001, 19.200000000000003, 17.599999999999994]}}, "45": {"44": {"score": -0.08477729746276996, "entry_exit_pair": [16, 14], "time_pair": [28.30000000000001, 26.000000000000014, 30.200000000000017, 27.30000000000001, 32.80000000000001, 22.3, 25.099999999999998, 23.5, 23.0, 16.699999999999996, 23.700000000000003, 26.30000000000001, 24.19999999999999, 24.89999999999999, 23.39999999999999, 24.099999999999994, 24.10000000000001, 19.200000000000003, 17.599999999999994]}, "46": {"score": -0.16952277215259007, "entry_exit_pair": [4, 10], "time_pair": [64.50000000000001, 58.50000000000001, 67.4, 57.1, 67.10000000000002, 65.4, 35.3, 29.299999999999997, 29.400000000000006, 32.20000000000002]}}, "46": {"45": {"score": -0.1262154856842567, "entry_exit_pair": [4, 17], "time_pair": [64.50000000000001, 58.50000000000001, 67.4, 57.1, 67.10000000000002, 65.4, 35.3, 29.299999999999997, 29.400000000000006, 32.20000000000002]}}}