{
    "stream1": {
        "2": {
            "ori_track_id": 2,
            "dis": 0.2947081923484802,
            "new_track_id": 2
        },
        "3": {
            "ori_track_id": 3,
            "dis": 0.3788614981542493,
            "new_track_id": 3
        },
        "5": {
            "ori_track_id": 5,
            "dis": 0.15138418435962522,
            "new_track_id": 5
        },
        "6": {
            "ori_track_id": 6,
            "dis": 0.40662176941280753,
            "new_track_id": 6
        },
        "10": {
            "ori_track_id": 10,
            "dis": 0.5750857081510544,
            "new_track_id": 10
        },
        "15": {
            "ori_track_id": 15,
            "dis": 0.25406408409842673,
            "new_track_id": 15
        },
        "17": {
            "ori_track_id": 17,
            "dis": 0.10937191814946441,
            "new_track_id": 17
        },
        "18": {
            "ori_track_id": 18,
            "dis": 0.2736784993813266,
            "new_track_id": 18
        },
        "19": {
            "ori_track_id": 19,
            "dis": 0.10871019749439567,
            "new_track_id": 19
        },
        "21": {
            "ori_track_id": 21,
            "dis": 0.2727393332313237,
            "new_track_id": 21
        },
        "20": {
            "ori_track_id": 20,
            "dis": 0.27876719490970175,
            "new_track_id": 20
        },
        "27": {
            "ori_track_id": 27,
            "dis": 0.32091904253245634,
            "new_track_id": 27
        },
        "24": {
            "ori_track_id": 24,
            "dis": 0.10712162683276025,
            "new_track_id": 24
        },
        "26": {
            "ori_track_id": 26,
            "dis": 0.4049430401965059,
            "new_track_id": 26
        },
        "30": {
            "ori_track_id": 30,
            "dis": 0.23561911714153905,
            "new_track_id": 30
        },
        "32": {
            "ori_track_id": 32,
            "dis": 0.007510237339339518,
            "new_track_id": 32
        },
        "33": {
            "ori_track_id": 33,
            "dis": 0.3146223563316958,
            "new_track_id": 33
        },
        "34": {
            "ori_track_id": 34,
            "dis": 0.318408289633413,
            "new_track_id": 34
        }
    },
    "stream2": {
        "9": {
            "ori_track_id": 9,
            "dis": 0.2947081923484802,
            "new_track_id": 2
        },
        "25": {
            "ori_track_id": 25,
            "dis": 0.3707070674192354,
            "new_track_id": 3
        },
        "34": {
            "ori_track_id": 34,
            "dis": 0.12751568703900623,
            "new_track_id": 5
        },
        "33": {
            "ori_track_id": 33,
            "dis": 0.2014120080801802,
            "new_track_id": 6
        },
        "41": {
            "ori_track_id": 41,
            "dis": 0.5788133136096891,
            "new_track_id": 10
        },
        "43": {
            "ori_track_id": 43,
            "dis": 0.629265705502763,
            "new_track_id": 10
        },
        "48": {
            "ori_track_id": 48,
            "dis": 0.22653196407819481,
            "new_track_id": 5
        },
        "52": {
            "ori_track_id": 52,
            "dis": 0.2908319972516811,
            "new_track_id": 6
        },
        "56": {
            "ori_track_id": 56,
            "dis": 0.11271643942406517,
            "new_track_id": 17
        },
        "57": {
            "ori_track_id": 57,
            "dis": 0.2786685726091132,
            "new_track_id": 18
        },
        "59": {
            "ori_track_id": 59,
            "dis": 0.08489062651513736,
            "new_track_id": 19
        },
        "70": {
            "ori_track_id": 70,
            "dis": 0.29209087528392985,
            "new_track_id": 21
        },
        "72": {
            "ori_track_id": 72,
            "dis": 0.3707676797244441,
            "new_track_id": 20
        },
        "76": {
            "ori_track_id": 76,
            "dis": 0.2532758959885748,
            "new_track_id": 27
        },
        "78": {
            "ori_track_id": 78,
            "dis": 0.11972566790630228,
            "new_track_id": 24
        },
        "84": {
            "ori_track_id": 84,
            "dis": 0.3963010257621135,
            "new_track_id": 26
        },
        "80": {
            "ori_track_id": 80,
            "dis": 0.22811647185618994,
            "new_track_id": 30
        },
        "99": {
            "ori_track_id": 99,
            "dis": 0.004585811732497422,
            "new_track_id": 32
        },
        "102": {
            "ori_track_id": 102,
            "dis": 0.366286385999625,
            "new_track_id": 33
        },
        "111": {
            "ori_track_id": 111,
            "dis": 0.34227930641738313,
            "new_track_id": 34
        }
    }
}